{
  "FRAMES": [
    {
      "FRAME_ID": "0000000001",
      "BICYCLES": [
        {
          "BICYCLE_ID": 0,
          "POSITION": [
            6.214051078965763,
            -1.6141740617314968,
            -1.1567630666763957
          ],
          "ORIENTATION": [
            -0.005390844858319934,
            0.004885218172705003,
            0.8069478741049281,
            0.5905778542348636
          ],
          "SIZE": [
            0.38506336808139396,
            1.7546858722619847,
            1.12662733359948
          ],
          "STATUS": 0,
          "RIDER": 1,
          "TYPE": 0
        }
      ],
      "HUMANS": [
        {
          "HUMAN_ID": 1,
          "POSITION": [
            6.08933372191161,
            -1.6203931711134456,
            -0.8208160370426799
          ],
          "ORIENTATION": [
            -0.005390844858319934,
            0.004885218172705003,
            0.8069478741049281,
            0.5905778542348636
          ],
          "SIZE": [
            0.5008161429394367,
            0.8935028422787278,
            1.586688306599624
          ],
          "WEARS_HELMET": 0,
          "AGE": 0
        },
        {
          "HUMAN_ID": 2,
          "POSITION": [
            3.938180053271773,
            -9.33341004141844,
            -0.8545834737888558
          ],
          "ORIENTATION": [
            0.005367889757328725,
            -0.0012201913220531496,
            -0.057483417591179115,
            0.9983312844916405
          ],
          "SIZE": [
            0.5893627313181443,
            0.8748665102162547,
            1.6717189051372876
          ],
          "WEARS_HELMET": 0,
          "AGE": 0
        },
        {
          "HUMAN_ID": 3,
          "POSITION": [
            8.845341478785269,
            -6.262865862842131,
            -0.8786699901215047
          ],
          "ORIENTATION": [
            0.001962246225123969,
            0.003958057041869751,
            0.9177876672406061,
            0.39704695092048214
          ],
          "SIZE": [
            0.585214613596221,
            1.1959282162119491,
            1.655146432567797
          ],
          "WEARS_HELMET": null,
          "AGE": 0
        },
        {
          "HUMAN_ID": 4,
          "POSITION": [
            -5.274131880722743,
            8.087492218674878,
            -1.1226180785181745
          ],
          "ORIENTATION": [
            0.013429773196974611,
            0.005281917722635199,
            0.9964321725647493,
            0.08315448283131205
          ],
          "SIZE": [
            0.6039560284569767,
            0.9723564190194485,
            1.6189398815276064
          ],
          "WEARS_HELMET": null,
          "AGE": 0
        }
      ]
    },
    {
      "FRAME_ID": "0000000002",
      "BICYCLES": [
        {
          "BICYCLE_ID": 0,
          "POSITION": [
            6.447516925603388,
            -1.59998595668228,
            -1.1567161095006782
          ],
          "ORIENTATION": [
            -0.005390844858319934,
            0.004885218172705003,
            0.8069478741049281,
            0.5905778542348636
          ],
          "SIZE": [
            0.38506336808139396,
            1.7546858722619847,
            1.12662733359948
          ],
          "STATUS": 0,
          "RIDER": 1,
          "TYPE": 0
        },
        {
          "BICYCLE_ID": 5,
          "POSITION": [
            15.77703180741718,
            -6.573784261277268,
            -0.889072823237126
          ],
          "ORIENTATION": [
            0.009476745491221395,
            -0.01760629250608985,
            -0.799343282057534,
            0.6005418613124103
          ],
          "SIZE": [
            0.6835425060340848,
            2.558594349012596,
            1.657728343611517
          ],
          "STATUS": 2,
          "RIDER": null,
          "TYPE": 1
        }
      ],
      "HUMANS": [
        {
          "HUMAN_ID": 1,
          "POSITION": [
            6.157382115709247,
            -1.5988038652996106,
            -0.8209243348551057
          ],
          "ORIENTATION": [
            -0.005390844858319934,
            0.004885218172705003,
            0.8069478741049281,
            0.5905778542348636
          ],
          "SIZE": [
            0.5008161429394367,
            0.8935028422787278,
            1.586688306599624
          ],
          "WEARS_HELMET": 0,
          "AGE": 0
        },
        {
          "HUMAN_ID": 2,
          "POSITION": [
            3.6665378486593947,
            -9.413401042200228,
            -0.8562591558383367
          ],
          "ORIENTATION": [
            0.005367889757328725,
            -0.0012201913220531546,
            -0.057483417591179115,
            0.9983312844916405
          ],
          "SIZE": [
            0.5893627313181443,
            0.8748665102162547,
            1.6717189051372876
          ],
          "WEARS_HELMET": 0,
          "AGE": 0
        },
        {
          "HUMAN_ID": 3,
          "POSITION": [
            8.845341478785269,
            -6.262865862842131,
            -0.8786699901215047
          ],
          "ORIENTATION": [
            0.001962246225123969,
            0.003958057041869751,
            0.9177876672406061,
            0.39704695092048214
          ],
          "SIZE": [
            0.585214613596221,
            1.1959282162119491,
            1.655146432567797
          ],
          "WEARS_HELMET": null,
          "AGE": 0
        },
        {
          "HUMAN_ID": 4,
          "POSITION": [
            -5.274131880722743,
            8.087492218674878,
            -1.1226180785181745
          ],
          "ORIENTATION": [
            0.013429773196974611,
            0.005281917722635199,
            0.9964321725647493,
            0.08315448283131205
          ],
          "SIZE": [
            0.6039560284569767,
            0.9723564190194485,
            1.6189398815276064
          ],
          "WEARS_HELMET": null,
          "AGE": 0
        }
      ]
    },
    {
      "FRAME_ID": "0000000003",
      "BICYCLES": [
        {
          "BICYCLE_ID": 0,
          "POSITION": [
            6.680989775462219,
            -1.59998595668228,
            -1.1567161095006782
          ],
          "ORIENTATION": [
            -0.005390844858319934,
            0.004885218172705003,
            0.8069478741049281,
            0.5905778542348636
          ],
          "SIZE": [
            0.38506336808139396,
            1.7546858722619847,
            1.12662733359948
          ],
          "STATUS": 0,
          "RIDER": 1,
          "TYPE": 0
        },
        {
          "BICYCLE_ID": 5,
          "POSITION": [
            15.77703180741718,
            -6.573784261277268,
            -0.889072823237126
          ],
          "ORIENTATION": [
            0.009476745491221395,
            -0.01760629250608985,
            -0.799343282057534,
            0.6005418613124103
          ],
          "SIZE": [
            0.6835425060340848,
            2.558594349012596,
            1.657728343611517
          ],
          "STATUS": 2,
          "RIDER": null,
          "TYPE": 1
        }
      ],
      "HUMANS": [
        {
          "HUMAN_ID": 1,
          "POSITION": [
            6.157382115709247,
            -1.5988038652996106,
            -0.8209243348551057
          ],
          "ORIENTATION": [
            -0.005390844858319934,
            0.004885218172705003,
            0.8069478741049281,
            0.5905778542348636
          ],
          "SIZE": [
            0.5008161429394367,
            0.8935028422787278,
            1.586688306599624
          ],
          "WEARS_HELMET": 0,
          "AGE": 0
        },
        {
          "HUMAN_ID": 2,
          "POSITION": [
            4.04667522437615,
            -9.188782595363914,
            -0.8527222617416583
          ],